API,crwdns143662:0crwdne143662:0,
About,crwdns112978:0crwdne112978:0,
Access Token,crwdns143686:0crwdne143686:0,
Amended From,crwdns143898:0crwdne143898:0,
Apps,crwdns148374:0crwdne148374:0,
Blocked,crwdns144188:0crwdne144188:0,
Cancelled,crwdns114378:0crwdne114378:0,
Closed,crwdns144388:0crwdne144388:0,
Completed,crwdns114934:0crwdne114934:0,
Confirmed,crwdns115006:0crwdne115006:0,
Date,crwdns115580:0crwdne115580:0,
Draft,crwdns116322:0crwdne116322:0,
Expired,crwdns145018:0crwdne145018:0,
Frappe Support,crwdns117604:0crwdne117604:0,
Friday,crwdns145236:0crwdne145236:0,
Is Active,crwdns145606:0crwdne145606:0,
Keyboard Shortcuts,crwdns118988:0crwdne118988:0,
Location,crwdns145890:0crwdne145890:0,
Log out,crwdns119460:0crwdne119460:0,
Monday,crwdns146048:0crwdne146048:0,
My Profile,crwdns120052:0crwdne120052:0,
My Settings,crwdns120054:0crwdne120054:0,
Provider,crwdns146498:0crwdne146498:0,
Reason,crwdns122016:0crwdne122016:0,
Reference DocType,crwdns146628:0crwdne146628:0,
Reference Name,crwdns122182:0crwdne122182:0,
Refresh Token,crwdns146646:0crwdne146646:0,
Reload,crwdns122270:0crwdne122270:0,
Revoked,crwdns146762:0crwdne146762:0,
Saturday,crwdns146840:0crwdne146840:0,
Scopes,crwdns146860:0crwdne146860:0,
Service,crwdns147006:0crwdne147006:0,
Session Defaults,crwdns123422:0crwdne123422:0,
Source,crwdns123858:0crwdne123858:0,
Start Time,crwdns147182:0crwdne147182:0,
Status,crwdns123998:0crwdne123998:0,
Sunday,crwdns147262:0crwdne147262:0,
System Manager,crwdns124296:0crwdne124296:0,
Thursday,crwdns147394:0crwdne147394:0,
Toggle Full Width,crwdns124932:0crwdne124932:0,
Toggle Theme,crwdns124940:0crwdne124940:0,
Tuesday,crwdns147538:0crwdne147538:0,
View Website,crwdns125722:0crwdne125722:0,
Wednesday,crwdns147764:0crwdne147764:0,
failed,crwdns147968:0crwdne147968:0,
on_submit,crwdns148096:0crwdne148096:0,
